{
    "keyboard_name": "2b", 
    "url": "", 
    "maintainer": "qmk", 
    "layouts": {
        "LAYOUT": {
            "layout": [{"label":"E", "x":3.5, "y":1}, {"label":"I", "x":15, "y":1}, {"label":"W", "x":2.5, "y":1.125}, {"label":"R", "x":4.5, "y":1.125}, {"label":"U", "x":14, "y":1.125}, {"label":"O", "x":16, "y":1.125}, {"label":"T", "x":5.5, "y":1.25}, {"label":"Y", "x":13, "y":1.25}, {"label":"Q", "x":1.5, "y":1.375}, {"label":"P", "x":17, "y":1.375}, {"label":"D", "x":3.5, "y":2}, {"label":"K", "x":15, "y":2}, {"label":"S", "x":2.5, "y":2.125}, {"label":"F", "x":4.5, "y":2.125}, {"label":"J", "x":14, "y":2.125}, {"label":"L", "x":16, "y":2.125}, {"label":"G", "x":5.5, "y":2.25}, {"label":"H", "x":13, "y":2.25}, {"label":"A", "x":1.5, "y":2.375}, {"label":":", "x":17, "y":2.375}, {"label":"C", "x":3.5, "y":3}, {"label":"<", "x":15, "y":3}, {"label":"X", "x":2.5, "y":3.125}, {"label":"V", "x":4.5, "y":3.125}, {"label":"M", "x":14, "y":3.125}, {"label":">", "x":16, "y":3.125}, {"label":"B", "x":5.5, "y":3.25}, {"label":"N", "x":13, "y":3.25}, {"label":"Z", "x":1.5, "y":3.375}, {"label":"?", "x":17, "y":3.375}, {"x":4.5, "y":4.25}, {"x":5.5, "y":4.25}, {"x":13, "y":4.25}, {"x":14, "y":4.25}, {"x":1.5, "y":4.38}, {"x":17, "y":4.38}, {"x":2.5, "y":5.38}, {"x":16, "y":5.38}, {"x":3.5, "y":5.5}, {"x":4.5, "y":5.5}, {"x":5.5, "y":5.5}, {"x":13, "y":5.5}, {"x":14, "y":5.5}, {"x":15, "y":5.5}]
        }
    }
}